"vowel_id","start","end","t","F1","F2","F3","F4","word","pre","vowel","fol"
1,2.056,2.41,2.233,367.7,1017.8,2602.1,3167.7,"snoʊz","sn","GOAT","z"
2,3,3.355,3.178,376.7,2032.5,2761.3,3408.3,"deɪz","d","FACE","z"
4,4.94,5.19,5.065,314.4,2179.1,2914.7,3380.5,"teɪd","t","FACE","d"
5,5.91,6.173,6.042,273.7,1378.4,2235.3,3270.2,"zudz","z","GOOSE","dz"
7,8.13,8.4,8.265,349.5,1623.8,2484.6,3383.9,"stʊz","st","FOOT","z"
8,9.16,9.406,9.283,313.2,2180.8,2862.9,3205.2,"heɪdz","h","FACE","dz"
9,10.48,10.78,10.63,254.6,1332.7,2312.6,3211.8,"zuz","z","GOOSE","z"
10,11.57,11.94,11.755,585,969.1,2812.9,3405,"zɔd","z","THOUGHT","d"
11,12.63,13.07,12.85,526.8,1201.3,2732.8,3434.5,"sɔz","s","THOUGHT","z"
14,16.84,17.09,16.965,367.3,1594.1,2477,3367,"sʊz","s","FOOT","z"
16,19.11,19.43,19.27,380,863,2553.9,3192.9,"stoʊd","st","GOAT","d"
18,21.163,21.53,21.347,663.7,1627.4,2615.5,3468.1,"hæz","h","TRAP","z"
19,22.261,22.68,22.471,338.7,2240.6,2961.3,3265.7,"neɪz","n","FACE","z"
20,23.388,23.77,23.579,705.2,1106.4,2713.2,3521.1,"dad","d","LOT","d"
21,24.523,24.88,24.702,638.9,1817.5,2655.3,3236,"nædz","n","TRAP","dz"
22,25.803,26.039,25.921,350.7,2124.7,2635.6,3431.5,"hɪd","h","KIT","d"
23,26.744,27.1,26.922,711.6,1169.3,2741.9,3448.2,"dadz","d","LOT","dz"
24,27.908,28.108,28.008,403.3,1410.6,2597.6,3273.3,"sʊd","s","FOOT","d"
25,28.93,29.302,29.116,368.6,753.9,2779.7,3130.7,"toʊz","t","GOAT","z"
26,30.064,30.564,30.314,587.5,972.4,2679.8,3491.7,"stɔdz","st","THOUGHT","dz"
32,38.197,38.571,38.384,226.4,2194.8,3153.8,3423.7,"iz",NA,"FLEECE","z"
34,40.612,40.973,40.793,372.3,1453.3,2484.4,3243.2,"ʊz",NA,"FOOT","z"
35,41.693,41.982,41.837,384,721.1,2767.5,3217,"oʊdz",NA,"GOAT","dz"
41,49.242,49.63,49.436,383.9,1018.7,2577.1,3136.4,"noʊz","n","GOAT","z"
42,50.388,50.732,50.56,275.5,900.8,2246.8,3382.8,"ud",NA,"GOOSE","d"
45,53.927,54.232,54.08,717.5,1193.8,2623,3489,"hadz","h","LOT","dz"
46,55.355,55.797,55.576,266.7,1562.6,2321,3393.9,"snuz","sn","GOOSE","z"
47,56.746,57.07,56.908,389.1,960.6,2470.5,3140.7,"doʊdz","d","GOAT","dz"
50,60.212,60.373,60.292,594.5,1791.6,2630.8,3437.7,"tɛd","t","DRESS","d"
51,61.311,61.605,61.458,281.3,612.1,2595.8,3277.5,"hud","h","GOOSE","d"
57,68.257,68.484,68.371,362.1,1416.1,2437.6,3281.2,"hʊdz","h","FOOT","dz"
59,70.51,70.879,70.695,263.4,929.2,2189.3,3321.2,"uz",NA,"GOOSE","z"
60,71.767,72.047,71.907,376.7,1949.6,2651.2,3472.4,"tɪd","t","KIT","d"
61,74.648,74.998,74.823,243.5,1070.8,2532.1,3344.1,"huz","h","GOOSE","z"
63,77.919,78.36,78.14,684.2,1189.7,2688,3438.6,"taz","t","LOT","z"
65,82.396,82.754,82.575,649.7,1104.2,2819.4,3356.9,"naz","n","LOT","z"
66,83.727,83.888,83.808,563.5,1890.9,2618.6,3439.5,"hɛdz","h","DRESS","dz"
67,85.365,85.728,85.546,745,1225.1,2641.4,3596.5,"stadz","st","LOT","dz"
69,87.753,88.034,87.893,363.6,1564.4,2466.7,3287.3,"tʊz","t","FOOT","z"
70,88.862,89.215,89.038,654.6,1753.5,2509.5,3765.4,"zædz","z","TRAP","dz"
72,91.302,91.496,91.399,369.7,1446.6,2530.6,3329.4,"sʊdz","s","FOOT","dz"
74,93.753,94.083,93.918,562.5,1113.2,2659.7,3463,"tɔd","t","THOUGHT","d"
75,94.765,95.021,94.893,330.1,2028.7,2687.6,3566.3,"ɪd",NA,"KIT","d"
76,96.067,96.297,96.182,388.2,1202.7,2481.3,3210.4,"snʊd","sn","FOOT","d"
77,97.055,97.499,97.277,304.7,1432.6,2174.8,3283,"snuz","sn","GOOSE","z"
81,102.132,102.512,102.322,615,1116,2715.7,3398.7,"haz","h","LOT","z"
83,104.33,104.705,104.518,345.9,1984.9,2645,3494.5,"hɪz","h","KIT","z"
87,110.574,110.985,110.78,249.5,1574.7,2143.5,3180.3,"dudz","d","GOOSE","dz"
88,112.24,112.548,112.394,345.4,807.9,2647.2,3257.7,"hoʊd","h","GOAT","d"
89,113.933,114.185,114.059,375.8,1360.6,2437.2,3208.2,"nʊdz","n","FOOT","dz"
90,115.22,115.466,115.343,364.5,1413.9,2409.9,3242,"zʊd","z","FOOT","d"
91,116.38,116.763,116.572,370.4,1586.8,2467.8,3206.7,"dʊz","d","FOOT","z"
92,117.689,117.975,117.832,634.6,1716.3,2520.1,3238.9,"tæd","t","TRAP","d"
93,118.794,118.985,118.889,342.4,2018.8,2655.7,3482.4,"hɪdz","h","KIT","dz"
94,120.075,120.46,120.267,269.5,1287.9,2404.6,3264.4,"stuz","st","GOOSE","z"
96,122.676,123.034,122.855,368.3,979.7,2546.3,3113.3,"noʊdz","n","GOAT","dz"
97,124.058,124.432,124.245,357.1,941.9,2551,3109.8,"stoʊdz","st","GOAT","dz"
98,125.355,125.691,125.523,460.9,1195.8,2839.9,3650.7,"adz",NA,"LOT","dz"
99,126.801,127.131,126.966,580.2,932,2787.7,3435.3,"snɔdz","sn","THOUGHT","dz"
100,127.936,128.327,128.131,645.3,1065.7,2769.1,3512.5,"dɔd","d","THOUGHT","d"
102,130.474,130.829,130.651,339.7,1479.7,2527.8,3289.1,"zʊz","z","FOOT","z"
103,132.492,132.844,132.668,246.8,2182.2,3153.6,3295.4,"tiz","t","FLEECE","z"
104,134.04,134.348,134.194,461.1,1853.3,2595.8,3725.6,"nɛz","n","DRESS","z"
106,136.353,136.672,136.512,293.6,2355.1,2943.6,3163.8,"eɪdz",NA,"FACE","dz"
107,137.587,137.951,137.769,741.5,1790.3,2599.9,3079.5,"dæd","d","TRAP","d"
108,138.995,139.356,139.176,353.4,2231.4,2963.1,3152.6,"zeɪdz","z","FACE","dz"
109,140.249,140.585,140.417,678.3,1732.8,2568.9,3699.2,"dædz","d","TRAP","dz"
110,141.484,141.631,141.557,395.1,1997.3,2647.1,3471.7,"tɪd","t","KIT","d"
111,142.655,142.977,142.816,378.3,1667,2406.6,3333,"stʊz","st","FOOT","z"
113,144.947,145.144,145.046,379.9,1221.2,2451.3,3203.7,"hʊz","h","FOOT","z"
114,145.998,146.42,146.209,378.1,896.6,2849.9,3273,"zoʊz","z","GOAT","z"
115,147.088,147.488,147.288,228.2,2261.5,3073.7,3309.8,"iz",NA,"FLEECE","z"
116,148.273,148.567,148.42,359.1,749.8,2725.1,3164.2,"hoʊdz","h","GOAT","dz"
117,149.405,149.73,149.568,356.8,825,2738,3217.2,"toʊdz","t","GOAT","dz"
118,151.216,151.499,151.358,343.5,1311.2,2421.8,3144.3,"nʊz","n","FOOT","z"
119,152.229,152.501,152.365,364.6,1913.6,2641.7,3505.6,"dɪd","d","KIT","d"
120,153.111,153.486,153.299,559.8,1246.4,2748.5,3752.8,"dad","d","LOT","d"
121,154.071,154.421,154.246,274.8,927,2471.2,3238.4,"ud",NA,"GOOSE","d"
124,157.478,157.777,157.628,282.8,2287.7,3081.5,3184.8,"heɪd","h","FACE","d"
125,158.454,158.806,158.63,367.3,2163.4,2889.4,3202.9,"sneɪdz","sn","FACE","dz"
126,159.569,159.936,159.753,686.9,895.1,2619.1,3418.1,"dɔz","d","THOUGHT","z"
127,160.628,160.958,160.793,684.7,1138.8,2896.8,3656.1,"ad",NA,"LOT","d"
130,164.405,164.738,164.572,488.5,1070.2,2792.3,3551.2,"zɔdz","z","THOUGHT","dz"
132,167.054,167.348,167.201,484.5,1143.3,2616.6,3503.7,"tɔdz","t","THOUGHT","dz"
133,168.257,168.546,168.401,267.4,1223,2013.3,3268.3,"dudz","d","GOOSE","dz"
134,169.494,169.725,169.61,328,2053.5,2682.6,3417.8,"nɪdz","n","KIT","dz"
136,171.854,172.117,171.986,500.8,1070.2,2750.2,3395.9,"tɔdz","t","THOUGHT","dz"
141,178.592,178.938,178.765,485.7,1667.9,2523,3719.7,"snædz","sn","TRAP","dz"
143,180.863,181.071,180.967,372.2,1305.9,2574.5,3182.6,"nʊdz","n","FOOT","dz"
144,181.997,182.18,182.088,361.9,1926.6,2590.6,3379.4,"tɪdz","t","KIT","dz"
145,183.365,183.57,183.467,357.1,1407.7,2367.4,3250.9,"tʊd","t","FOOT","d"
146,184.601,184.962,184.781,291.7,1634.7,2199.4,3251.4,"snud","sn","GOOSE","d"
147,185.713,186.113,185.913,508.4,1866.3,2761.8,3768.4,"næd","n","TRAP","d"
149,187.929,188.203,188.066,321,2127.3,2735.3,3368.4,"ɪd",NA,"KIT","d"
150,188.88,189.255,189.068,608.2,1700.2,2469.9,3131.9,"zæd","z","TRAP","d"
152,191.082,191.438,191.26,669.3,1217.8,2804.8,3504.9,"zad","z","LOT","d"
155,194.058,194.41,194.234,666.3,1666,2487.3,3484.7,"sædz","s","TRAP","dz"
157,196.121,196.376,196.248,514.4,1840.3,2709.9,3257.6,"nɛdz","n","DRESS","dz"
158,197.385,197.715,197.55,657.4,1192.8,2821,3411.4,"snadz","sn","LOT","dz"
163,202.958,203.25,203.104,635.8,1017.1,2683.3,3401.4,"hɔd","h","THOUGHT","d"
166,206.313,206.688,206.5,348.8,1139.3,2485.6,3218.4,"snʊz","sn","FOOT","z"
170,211.59,211.848,211.719,317.5,2118.6,2881,3350.7,"steɪz","st","FACE","z"
171,212.692,212.994,212.843,368.8,649.3,2618,3242.1,"toʊd","t","GOAT","d"
173,215.584,215.851,215.717,283.7,1207.6,2315.2,3272.8,"sud","s","GOOSE","d"
175,218.886,219.16,219.023,272.4,1251.5,2589.9,3253,"studz","st","GOOSE","dz"
177,221.182,221.481,221.332,657.2,1607.7,2344.5,3247,"zædz","z","TRAP","dz"
178,222.439,222.636,222.538,524.1,1833.4,2576.9,3289.8,"snɛdz","sn","DRESS","dz"
183,229.157,229.42,229.288,283.6,959.1,2387.4,3195.2,"hudz","h","GOOSE","dz"
184,230.269,230.591,230.43,467,1777,2698.8,3512.6,"sɛz","s","DRESS","z"
185,231.559,231.754,231.657,375,1442,2437,3201.2,"tʊdz","t","FOOT","dz"
187,234.756,234.964,234.86,371.3,1993,2770.3,3454.4,"sɪd","s","KIT","d"
189,236.761,237.052,236.907,268.4,1162.1,2269.5,3355.3,"stud","st","GOOSE","d"
190,237.653,237.892,237.773,328.2,2037.1,2651.4,3376.6,"ɪdz",NA,"KIT","dz"
191,238.813,239.157,238.985,393.5,1019.1,2902.4,3429.4,"snɔd","sn","THOUGHT","d"
192,240.02,240.4,240.21,626.7,1755.8,2555.4,3486.4,"sæz","s","TRAP","z"
193,241.072,241.477,241.274,268.5,1258.1,2899.4,3289.5,"uz",NA,"GOOSE","z"
194,242.212,242.598,242.405,614,1689,2513,3242.4,"stædz","st","TRAP","dz"
195,243.346,243.651,243.499,688.4,1120.4,2640.9,3486,"had","h","LOT","d"
196,244.34,244.657,244.498,513.4,1809.3,2600.1,3809.4,"ɛd",NA,"DRESS","d"
197,245.38,245.757,245.569,709,1195.6,2556.3,3530.2,"saz","s","LOT","z"
199,247.551,247.937,247.744,740.8,1192.8,2723.3,3579.3,"zadz","z","LOT","dz"
201,249.76,250.131,249.945,247.2,1151.9,2283.2,3473.8,"zuz","z","GOOSE","z"
202,250.866,251.274,251.07,340.7,755.6,2641.1,3169.4,"hoʊz","h","GOAT","z"
204,253.459,253.798,253.628,518.5,1078.3,2729.5,3392.7,"snɔdz","sn","THOUGHT","dz"
205,255.357,255.798,255.578,350.6,709.2,2673.8,3183.6,"doʊz","d","GOAT","z"
206,256.712,257.037,256.875,628.6,1608,2402.2,3448.8,"hædz","h","TRAP","dz"
207,257.961,258.294,258.127,376.5,1185,2880.3,3431.9,"snad","sn","LOT","d"
208,259.145,259.364,259.255,372.6,1207.1,2548.3,3188.9,"hʊdz","h","FOOT","dz"
209,260.499,260.818,260.659,338.9,1011.8,2619.4,3123.3,"snoʊdz","sn","GOAT","dz"
211,262.834,263.136,262.985,346.7,1505,2485.8,3188,"nʊz","n","FOOT","z"
212,264.761,265.083,264.922,269.5,1398.6,2178,3223.1,"dudz","d","GOOSE","dz"
214,267.353,267.706,267.529,614.3,904.5,2597.7,3428,"nɔdz","n","THOUGHT","dz"
215,268.558,268.874,268.716,259.9,1418.6,2075.6,3329.6,"nud","n","GOOSE","d"
216,269.6,269.936,269.768,615.9,991.7,2806.6,3437.8,"zɔdz","z","THOUGHT","dz"
217,270.663,270.991,270.827,662.1,1668.8,2521.3,3340.5,"æd",NA,"TRAP","d"
218,271.765,272.05,271.908,366.3,2024.1,2714.9,3382.2,"dɪd","d","KIT","d"
219,272.888,273.246,273.067,574.6,1103.7,2788,3479.4,"stɔd","st","THOUGHT","d"
220,273.981,274.292,274.137,326.3,1994.9,2652.2,3446.3,"dɪz","d","KIT","z"
222,276.399,276.679,276.539,345.7,1436.9,2462.9,3256.6,"nʊd","n","FOOT","d"
224,278.573,278.909,278.741,367.4,2163,3009.6,3216.4,"zeɪd","z","FACE","d"
226,280.912,281.276,281.094,612.7,1820.5,2547.8,3195,"æz",NA,"TRAP","z"
228,283.244,283.472,283.358,546.4,2013.3,2603.3,3303,"snɛz","sn","DRESS","z"
229,284.353,284.734,284.543,248.2,1221.3,2250.8,3282.5,"zuz","z","GOOSE","z"
230,285.952,286.387,286.169,225.2,2113.1,3198,3557.1,"stiz","st","FLEECE","z"
231,287.946,288.237,288.091,631.5,813.5,2664,3450.9,"dɔdz","d","THOUGHT","dz"
233,290.191,290.46,290.325,599.2,974.1,2723.3,3587.2,"tɔz","t","THOUGHT","z"
234,291.234,291.589,291.411,558.5,886.8,2805.4,3388.2,"ɔdz",NA,"THOUGHT","dz"
236,293.625,293.999,293.812,275.9,1318.3,2180.4,3318.7,"nuz","n","GOOSE","z"
237,295.673,296.025,295.849,523.9,994.9,2609.2,3438.2,"sɔdz","s","THOUGHT","dz"
238,297.367,297.672,297.519,349.8,1889.1,2604.9,3516.4,"sɪz","s","KIT","z"
240,299.398,299.732,299.565,332.7,2242.2,2815.9,3409.9,"neɪd","n","FACE","d"
242,301.247,301.66,301.454,615,1759,2548.2,3242.3,"næz","n","TRAP","z"
244,303.387,303.797,303.592,305.7,2395.1,2969.6,3182.9,"heɪz","h","FACE","z"
245,304.552,304.999,304.775,348.5,2275.3,3023.2,3273.5,"steɪz","st","FACE","z"
250,310.015,310.259,310.137,568,1835,2541,3426.2,"stɛd","st","DRESS","d"
255,315.695,315.926,315.81,294.1,1234.6,2342.6,3270.1,"stud","st","GOOSE","d"
256,316.852,317.166,317.009,306.2,2294.3,3082.7,3216,"neɪdz","n","FACE","dz"
257,318.004,318.365,318.185,663.8,1698.3,2544.3,3245.9,"zæz","z","TRAP","z"
259,320.788,321.077,320.933,692.3,1691,2576.8,3350.8,"hædz","h","TRAP","dz"
261,323.212,323.548,323.38,465.6,1658.5,2528.3,3348,"ædz",NA,"TRAP","dz"
263,325.497,325.874,325.686,354.1,816.3,2481.9,3232.4,"soʊd","s","GOAT","d"
265,328.664,328.939,328.802,564.6,901.1,2855.9,3492.3,"zɔz","z","THOUGHT","z"
266,329.644,330.016,329.83,721.9,1626.6,2375.4,3540.9,"dæz","d","TRAP","z"
268,332.028,332.341,332.184,317.1,2137.4,2859.2,3407.4,"deɪdz","d","FACE","dz"
270,335.457,335.701,335.579,400.5,2206.7,2874.7,3375.8,"neɪd","n","FACE","d"
274,340.324,340.568,340.446,366,854.9,2583,3132.5,"toʊdz","t","GOAT","dz"
275,341.703,342,341.852,272.3,1146.5,2287.6,3421.8,"sudz","s","GOOSE","dz"
276,343.005,343.191,343.098,368.8,1454.5,2435.6,3222.2,"snʊdz","sn","FOOT","dz"
277,344.003,344.325,344.164,283.8,2328.1,2865.4,3264.4,"eɪd",NA,"FACE","d"
278,345.102,345.432,345.267,260.6,1208.3,2297.5,3338.7,"suz","s","GOOSE","z"
280,347.318,347.701,347.509,258.1,1092.6,2215.5,3299.6,"huz","h","GOOSE","z"
283,350.712,351.029,350.871,710.7,1679.6,2488.4,3337.7,"hæd","h","TRAP","d"
286,354.072,354.443,354.258,257.1,1236.4,2305.1,3242.1,"suz","s","GOOSE","z"
289,357.889,358.158,358.024,335.7,1915.1,2591.2,3509.2,"zɪd","z","KIT","d"
290,359.656,360.109,359.882,359.8,862.2,2657.2,3280.7,"soʊz","s","GOAT","z"
291,360.797,361.138,360.967,705.5,1721.7,2575.9,3491.1,"hæz","h","TRAP","z"
292,361.829,362.09,361.96,481,1860.3,2627.5,3465.4,"dɛdz","d","DRESS","dz"
294,364.564,364.93,364.747,604.9,1087.6,2604,3425.4,"stɔdz","st","THOUGHT","dz"
296,366.916,367.208,367.062,378.2,1451.6,2399.4,3277.9,"hʊz","h","FOOT","z"
297,368.013,368.232,368.122,554.4,1808.8,2634.1,3618.8,"stɛd","st","DRESS","d"
298,369.052,369.396,369.224,678.8,1692.1,2500.5,3557.3,"stæz","st","TRAP","z"
300,371.479,371.798,371.638,263.2,1353,2171.9,3335.9,"nud","n","GOOSE","d"
302,373.746,374.101,373.923,599.5,1052.3,2693.1,3474.5,"stɔd","st","THOUGHT","d"
304,376.197,376.555,376.376,348.4,853.5,2408.5,3174.8,"toʊz","t","GOAT","z"
306,378.325,378.586,378.456,287.6,1334.8,2231,3259.9,"tudz","t","GOOSE","dz"
309,381.539,381.877,381.708,397,1687.8,2543.8,3484.6,"nædz","n","TRAP","dz"
310,382.712,383.045,382.879,573.5,910.1,2490.1,3432.7,"sɔdz","s","THOUGHT","dz"
312,384.942,385.228,385.085,316.3,1927.5,2646.3,3433.6,"tɪz","t","KIT","z"
314,387.555,387.877,387.716,358.6,941.8,2746.3,3400.6,"zoʊd","z","GOAT","d"
317,390.916,391.252,391.084,540.7,1241.9,2804.1,3483.5,"dad","d","LOT","d"
319,393.264,393.558,393.411,273.2,1011.2,2241.2,3343.1,"udz",NA,"GOOSE","dz"
321,395.635,396.018,395.827,703.8,1226.8,2595.6,3476,"hadz","h","LOT","dz"
322,396.948,397.303,397.125,553.6,1110.9,2641.2,3372,"sɔd","s","THOUGHT","d"
323,397.977,398.193,398.085,524.1,1804.7,2570.1,3505.7,"tɛdz","t","DRESS","dz"
324,399.009,399.314,399.162,268.7,1250.2,2334.6,3496,"tuz","t","GOOSE","z"
325,400.262,400.592,400.427,645,1179.7,2678,3488.7,"stadz","st","LOT","dz"
330,405.615,405.89,405.753,574.8,980.2,2633.9,3457.8,"hɔdz","h","THOUGHT","dz"
333,408.932,409.318,409.125,458,1849.5,2597.5,3500.2,"snɛz","sn","DRESS","z"
334,410.414,410.814,410.614,380.3,888.5,2421.5,3339.4,"stoʊz","st","GOAT","z"
335,412.464,412.924,412.694,604.9,1062.9,2545.9,3432.6,"stɔz","st","THOUGHT","z"
336,414.192,414.431,414.312,377,892.5,2594.3,3245.5,"toʊd","t","GOAT","d"
337,415.14,415.426,415.283,363.6,1982,2538.2,3427.1,"dɪd","d","KIT","d"
338,416.178,416.527,416.353,348.3,2203.5,2738.3,3444.5,"steɪd","st","FACE","d"
340,420.283,420.558,420.42,350,1460.2,2430.5,3305.4,"dʊd","d","FOOT","d"
341,421.321,421.67,421.496,655.3,1120.3,2689.5,3468.2,"haz","h","LOT","z"
342,422.385,422.684,422.535,640.1,994.8,2584.5,3580.3,"haz","h","LOT","z"
343,423.564,423.933,423.749,346.6,1523.3,2474.3,3331.5,"zʊz","z","FOOT","z"
345,425.699,426.11,425.905,372.5,937.9,2406.7,3181.9,"doʊz","d","GOAT","z"
346,426.71,427.17,426.94,330.8,813.1,2613.8,3358.5,"oʊz",NA,"GOAT","z"
347,427.808,428.241,428.025,522.6,1221.2,2626.5,3568.4,"staz","st","LOT","z"
349,430.259,430.623,430.441,365.5,896,2461.3,3201.3,"stoʊd","st","GOAT","d"
352,433.651,433.912,433.781,539.6,1762.8,2613.7,3471.4,"sɛd","s","DRESS","d"
356,438.206,438.511,438.359,359.8,1498.7,2293,3199.4,"dʊd","d","FOOT","d"
358,440.628,440.852,440.74,377.1,1327.1,2451,3234.6,"tʊd","t","FOOT","d"
364,447.581,447.98,447.78,643.3,1213.5,2536.9,3392,"tɔz","t","THOUGHT","z"
365,448.632,448.926,448.779,657,1705.1,2543.6,3386.4,"sæd","s","TRAP","d"
368,452.248,452.58,452.414,665.9,1150.5,2765.4,3670.6,"sad","s","LOT","d"
369,453.394,453.705,453.55,557.6,1827.3,2608.6,3656.9,"zɛz","z","DRESS","z"
372,456.47,456.792,456.631,266.8,1243.6,2351.1,3400.8,"sudz","s","GOOSE","dz"
373,457.496,457.712,457.604,370.3,1310.6,2363.2,3311.9,"stʊdz","st","FOOT","dz"
377,462.599,462.92,462.759,534.5,1077.6,3160.4,3316.2,"ɔd",NA,"THOUGHT","d"
380,465.891,466.19,466.041,368.1,762.1,2443,3062.3,"noʊdz","n","GOAT","dz"
385,472.056,472.3,472.178,290.4,1239,2277.3,3313.9,"sudz","s","GOOSE","dz"
389,476.608,476.988,476.798,632.2,991.3,2836.7,3434,"dɔd","d","THOUGHT","d"
390,477.613,477.985,477.799,617.4,1104.1,2720.5,3501.8,"dadz","d","LOT","dz"
391,478.774,478.99,478.882,369.1,1313.5,2484.5,3341.1,"zʊdz","z","FOOT","dz"
393,480.854,481.153,481.004,300.9,2233.6,3225.3,3271.8,"eɪdz",NA,"FACE","dz"
394,481.994,482.272,482.133,634.2,1049.2,2766,3482.2,"nadz","n","LOT","dz"
396,484.38,484.705,484.543,394.2,921.6,2607.7,3154.2,"stoʊdz","st","GOAT","dz"
397,485.474,485.77,485.622,252.6,1178.8,2441.3,3307.9,"tud","t","GOOSE","d"
398,486.492,486.784,486.638,365.7,1311.7,2375.6,3272.9,"stʊz","st","FOOT","z"
401,490.144,490.497,490.32,595.1,1123.7,2778.3,3321.1,"zɔz","z","THOUGHT","z"
402,491.25,491.622,491.436,578.3,1699,2607.9,3236.1,"stæd","st","TRAP","d"
403,492.354,492.695,492.525,621,1696.3,2563.9,3401.6,"sædz","s","TRAP","dz"
404,493.441,493.66,493.551,521.6,1926.5,2684.9,3393.1,"tɛd","t","DRESS","d"
405,494.429,494.767,494.598,266.1,1023.1,2168.2,3155.8,"uz",NA,"GOOSE","z"
406,495.703,496.044,495.874,371.5,689.8,2615.8,3083.8,"zoʊdz","z","GOAT","dz"
408,497.994,498.274,498.134,337.7,2020.4,2632.3,3429.6,"nɪd","n","KIT","d"
413,503.993,504.457,504.225,602.7,1061.7,2687.5,3474.8,"sɔz","s","THOUGHT","z"
414,505.166,505.513,505.34,347.6,1485.4,2430.9,3398.5,"sʊz","s","FOOT","z"
415,506.24,506.498,506.369,386.5,1191,2512,3187.2,"hʊd","h","FOOT","d"
417,508.429,508.848,508.639,574.3,1105.9,2553.5,3337.5,"sɔz","s","THOUGHT","z"
418,509.514,509.749,509.632,358.4,823.3,2547.2,3204.8,"hoʊdz","h","GOAT","dz"
419,510.618,510.94,510.779,325.9,2373.7,2927.5,3126.2,"neɪdz","n","FACE","dz"
420,511.745,512.064,511.904,260.9,1510.9,2983.6,3345.1,"hiz","h","FLEECE","z"
422,514.09,514.414,514.252,350.1,1760.4,2355.5,3368.3,"tʊz","t","FOOT","z"
426,519.142,519.464,519.303,256.5,1697.6,2228.5,3211.7,"dud","d","GOOSE","d"
427,520.857,521.076,520.966,390.3,1368.5,2430.8,3168.2,"zʊdz","z","FOOT","dz"
429,522.679,522.937,522.808,372.1,1261.4,2497.5,3358.9,"ʊdz",NA,"FOOT","dz"
430,523.646,523.907,523.777,662.3,1629.9,2479.1,3277.8,"sæz","s","TRAP","z"
432,525.693,525.929,525.811,364.1,1458.1,2420,3261.5,"sʊd","s","FOOT","d"
434,527.623,527.954,527.788,647.2,836.2,2849.7,3477.8,"hɔd","h","THOUGHT","d"
439,533.376,533.743,533.56,559.7,1726.1,2639.7,3392.7,"zæd","z","TRAP","d"
440,535.106,535.464,535.285,612.8,956.4,2884.8,3476.8,"zaz","z","LOT","z"
441,536.064,536.313,536.188,341.4,1880.4,2548.8,3337.2,"dɪdz","d","KIT","dz"
442,537.035,537.24,537.137,353.5,1943.1,2567,3527.4,"tidz","t","FLEECE","dz"
443,538.131,538.3,538.215,349.1,1970.9,2595.5,3363.9,"tɪdz","t","KIT","dz"
449,544.314,544.73,544.522,452.5,1135.1,2843,3613.5,"az",NA,"LOT","z"
456,551.735,551.987,551.861,382,1394.5,2393.4,3134.9,"dʊd","d","FOOT","d"
457,553.816,554.016,553.916,358.8,1908.7,2535.6,3473.5,"zɪdz","z","KIT","dz"
458,554.79,555.09,554.94,261,2217.1,3217.8,3276.5,"nidz","n","FLEECE","dz"
459,555.806,556.022,555.914,587.5,1760.7,2634.1,3477.4,"sɛd","s","DRESS","d"
460,556.878,557.13,557.004,380.6,1998.7,2566.2,3570.8,"nɪd","n","KIT","d"
462,558.787,559.079,558.933,338.2,2192.1,2846.9,3433,"sneɪd","sn","FACE","d"
463,559.772,560.064,559.918,659.6,1703.7,2486,3281.1,"tædz","t","TRAP","dz"
464,560.756,560.991,560.874,534.6,1852.8,2584.7,3445,"dɛz","d","DRESS","z"
466,562.798,563.098,562.948,364.8,753.8,2624.8,3014.4,"oʊd",NA,"GOAT","d"
467,563.739,564.05,563.895,637.2,820.1,2819.7,3578.5,"tɔd","t","THOUGHT","d"
469,565.881,566.228,566.054,330,1890.1,2626.2,3503.8,"tɪz","t","KIT","z"
470,566.913,567.252,567.082,366,2174.3,2708.7,3415.8,"deɪd","d","FACE","d"
471,568.172,568.485,568.328,590.9,1285,2829.2,3553.5,"stad","st","LOT","d"
472,569.326,569.54,569.433,357.8,1994.7,2492.1,3398.7,"zɪd","z","KIT","d"
477,574.613,574.907,574.76,376.4,2282.6,2911.7,3136.7,"steɪdz","st","FACE","dz"
481,579.493,579.799,579.646,607.9,1261.2,2709.4,3472.4,"taz","t","LOT","z"
483,581.512,581.842,581.677,440.6,1272.8,2557.4,3253.6,"zɔd","z","THOUGHT","d"
484,582.54,582.74,582.64,375.1,2038.6,2810.6,3119.8,"hɪdz","h","KIT","dz"
485,583.511,583.841,583.676,635.5,1138.8,2948,3617.8,"nadz","n","LOT","dz"
486,584.582,584.937,584.76,485.3,1923.8,2673,3480.5,"dɛz","d","DRESS","z"
488,586.701,587.023,586.862,520.5,1622.4,2566.2,3341.1,"tæz","t","TRAP","z"
490,589.321,589.681,589.501,473.3,1008,2849.7,3492.7,"nɔz","n","THOUGHT","z"
492,591.235,591.513,591.374,271,978.1,2234.2,3270.6,"hud","h","GOOSE","d"
494,593.642,594.047,593.844,595.4,929.2,3011.2,3433,"snɔd","sn","THOUGHT","d"
495,594.734,594.989,594.861,496.1,1818.2,2565.9,3429,"tɛz","t","DRESS","z"
496,595.705,595.932,595.818,336.9,1977.1,2652.8,3486.5,"hɪdz","h","KIT","dz"
498,598.067,598.378,598.223,356.7,829.2,2607.5,3233.3,"oʊdz",NA,"GOAT","dz"
499,599.106,599.408,599.257,246.1,2119.7,3048.3,3358.8,"didz","d","FLEECE","dz"
500,600.241,600.515,600.378,349.1,2210.3,2919.8,3384.4,"teɪd","t","FACE","d"
504,604.774,604.988,604.881,379.4,1922.3,2606.7,3536.4,"tɪd","t","KIT","d"
507,607.786,608.15,607.968,597.4,1671.9,2517,3365.8,"tæz","t","TRAP","z"
508,609.182,609.487,609.334,262.4,1222.9,2158.3,3193.5,"tud","t","GOOSE","d"
509,610.266,610.627,610.447,570.4,1818.1,2555.9,3355.7,"snæd","sn","TRAP","d"
511,613.485,613.804,613.645,343.2,2116.7,2861.4,3389.6,"steɪz","st","FACE","z"
513,615.432,615.774,615.603,382.6,919.4,2546.5,3078.1,"doʊd","d","GOAT","d"
514,616.417,616.767,616.592,245.5,2139.1,3061.3,3454.8,"tiz","t","FLEECE","z"
515,617.446,617.671,617.558,390.4,1308,2485.4,3280.7,"sʊd","s","FOOT","d"
517,619.316,619.679,619.498,605.1,1755.7,2512.6,3396.2,"snædz","sn","TRAP","dz"
518,620.37,620.678,620.524,370.4,746.6,2626.1,3043.9,"hoʊd","h","GOAT","d"
519,621.251,621.562,621.406,541.2,1228.8,2849.5,3648.5,"had","h","LOT","d"
520,622.216,622.533,622.375,630,1261.8,2700.6,3522.5,"nadz","n","LOT","dz"
522,624.26,624.565,624.412,411.3,912.1,2571.9,3174.9,"zoʊd","z","GOAT","d"
525,627.438,627.685,627.562,515.6,1787.1,2484.7,3422.9,"zɛd","z","DRESS","d"
526,628.383,628.714,628.549,280.6,945.8,2325.1,3210.8,"ud",NA,"GOOSE","d"
528,630.631,630.93,630.78,334.1,2258.9,2768.9,3376.1,"seɪdz","s","FACE","dz"
529,631.666,631.938,631.802,527.3,1662.4,2428.6,3549.8,"stædz","st","TRAP","dz"
532,634.893,635.212,635.052,593.9,772.9,2768.9,3361.8,"dɔz","d","THOUGHT","z"
533,635.966,636.299,636.133,307.5,2300.5,3236.3,3337.6,"eɪz",NA,"FACE","z"
535,637.96,638.326,638.143,364.7,658.2,2623.2,3093.1,"hoʊdz","h","GOAT","dz"
536,639.039,639.442,639.24,363.3,828.4,2734.1,3290.8,"soʊz","s","GOAT","z"
537,640.059,640.328,640.193,556.9,1827.3,2499.8,3418,"dɛd","d","DRESS","d"
538,641.066,641.299,641.183,502.3,1925.3,2617.3,3313,"hɛd","h","DRESS","d"
539,642.256,642.639,642.447,379.2,859,2670.6,3355.7,"soʊd","s","GOAT","d"
540,643.232,643.515,643.374,288.9,1137.2,2177.5,3302.3,"tudz","t","GOOSE","dz"
541,645.575,645.822,645.698,363.9,1895.8,2588.8,3527.2,"zɪdz","z","KIT","dz"
543,647.587,647.928,647.757,579.9,1176.7,2864.5,3404.5,"zad","z","LOT","d"
544,648.472,648.769,648.62,345.3,2044.3,2646.2,3460.1,"ɪd",NA,"KIT","d"
545,649.401,649.679,649.54,327.5,1956.5,2660.7,3414.1,"dɪz","d","KIT","z"
547,651.389,651.683,651.536,628,1717.3,2455.1,3629.9,"dæz","d","TRAP","z"
553,658.01,658.445,658.228,368.1,947.8,2552.3,3473.7,"zoʊz","z","GOAT","z"
554,659.047,659.394,659.221,379.5,809.2,2599.5,3237.3,"stoʊdz","st","GOAT","dz"
555,660.15,660.546,660.348,325.6,2189,2753.3,3405.2,"seɪz","s","FACE","z"
557,662.568,662.87,662.719,443,1167.9,2666.6,3380.1,"ɔdz",NA,"THOUGHT","dz"
558,663.905,664.213,664.059,587.6,1682.9,2444,3368.1,"æd",NA,"TRAP","d"
564,670.929,671.131,671.03,364.8,1261.8,2343.8,3267.3,"zʊdz","z","FOOT","dz"
566,673.126,673.398,673.262,381.7,863.4,2528.1,3261.5,"stoʊd","st","GOAT","d"
569,676.265,676.612,676.438,288.5,1229.7,2081,3250.2,"nuz","n","GOOSE","z"
572,680.649,680.963,680.806,254.2,1228.5,2210.3,3319.4,"stuz","st","GOOSE","z"
575,683.804,684.059,683.932,277.7,966.8,2108.6,3404.7,"hudz","h","GOOSE","dz"
579,690.523,690.854,690.688,355.5,2138,2550,3399.3,"seɪz","s","FACE","z"
580,691.561,691.875,691.718,272.8,1376.4,2167.4,3268.7,"studz","st","GOOSE","dz"
581,692.557,692.873,692.715,586.3,1219.9,2849.8,3370.8,"sadz","s","LOT","dz"
582,693.7,694.003,693.851,572.4,1186.1,2796.8,3533.6,"snadz","sn","LOT","dz"
584,696.291,696.637,696.464,643.8,1763.1,2777.9,3099.8,"zæz","z","TRAP","z"
588,700.704,701.012,700.858,611.8,1696,2481.8,3324.8,"hæz","h","TRAP","z"
591,703.679,704.001,703.84,269.9,1305.2,2179.6,3319.2,"dud","d","GOOSE","d"
593,706.207,706.54,706.373,676.3,1732,2522.8,3678.6,"dædz","d","TRAP","dz"
595,708.38,708.735,708.557,668.1,955.9,2754.5,3942.6,"naz","n","LOT","z"
597,710.616,710.893,710.755,682.1,1812.4,2642.6,3596.7,"zæd","z","TRAP","d"
603,718.235,718.524,718.379,650.5,1761.6,2485.2,3518.4,"stæd","st","TRAP","d"
605,720.167,720.516,720.341,407.2,1778.6,2587.2,3681.2,"hɛz","h","DRESS","z"
606,721.218,721.532,721.375,354,1787.4,2549.4,3517.7,"siz","s","FLEECE","z"
607,722.222,722.447,722.334,351.1,1900.6,2459,3711,"zidz","z","FLEECE","dz"
611,726.936,727.319,727.127,366.8,1404.5,2495.1,3209.4,"snʊz","sn","FOOT","z"
612,728.714,729.019,728.867,334.2,2164.9,2784.2,3332.2,"seɪd","s","FACE","d"
614,730.762,731.001,730.882,569,1757.6,2577.1,3377.8,"zɛd","z","DRESS","d"
615,731.773,732.125,731.949,366,881.9,2468.2,3187.5,"doʊd","d","GOAT","d"
616,732.705,733.024,732.865,321.8,835.8,2650.7,3254.8,"oʊdz",NA,"GOAT","dz"
617,734.01,734.332,734.171,259.3,1596.9,2416.2,3287.7,"suz","s","GOOSE","z"
619,736.183,736.558,736.37,330.2,1932,2637.6,3617.5,"nɪz","n","KIT","z"
620,737.31,737.676,737.493,335.5,1851.5,2550.8,3619.2,"stɪz","st","KIT","z"
624,741.579,741.918,741.748,339,947.1,2583.3,3501.7,"snoʊdz","sn","GOAT","dz"
625,742.547,742.928,742.737,346.2,720.5,2485.9,3119.6,"oʊz",NA,"GOAT","z"
630,749.339,749.516,749.428,360.5,1499.8,2347,3294.6,"tʊdz","t","FOOT","dz"
631,751.997,752.275,752.136,356.8,2010.8,2518.5,3931.5,"stɪz","st","KIT","z"
632,752.931,753.178,753.054,354.5,1488.3,2409.3,3474.4,"ʊz",NA,"FOOT","z"
634,755.055,755.311,755.183,326.8,2184.4,2952.3,3216.5,"teɪdz","t","FACE","dz"
636,757.101,757.42,757.26,331.8,1803.3,2518.8,3464.2,"zɪz","z","KIT","z"
643,765.639,766.019,765.829,314.7,2360.4,3215.6,3316,"eɪz",NA,"FACE","z"
645,767.893,768.173,768.033,354.4,2154.3,2820.3,3469.7,"deɪd","d","FACE","d"
648,771.152,771.571,771.362,523,1051.7,2747,3559,"stɔz","st","THOUGHT","z"
649,772.288,772.715,772.501,464.1,1117,2653.6,3370.5,"snɔz","sn","THOUGHT","z"
650,773.544,773.913,773.729,504.7,1700.4,2646.2,3513.6,"næd","n","TRAP","d"
653,776.914,777.208,777.061,542.7,1653.9,2468.6,3626,"hædz","h","TRAP","dz"
655,779.642,779.9,779.771,469.6,1741.5,2532.9,3510.8,"ɛz",NA,"DRESS","z"
657,781.908,782.224,782.066,270.5,1332.8,2194.1,3179.4,"zud","z","GOOSE","d"
658,783.559,783.867,783.713,601.6,890,2605.9,3550.6,"sɔdz","s","THOUGHT","dz"
660,785.63,786.004,785.817,395.7,870.5,2431.3,3210.7,"snoʊz","sn","GOAT","z"
661,786.642,786.886,786.764,371.8,1362.6,2431.1,3234.6,"ʊdz",NA,"FOOT","dz"
663,788.734,788.995,788.864,292.9,1511.9,2216.4,3251.4,"nudz","n","GOOSE","dz"
666,792.186,792.477,792.331,282.5,2205.1,3186.3,3583.9,"snid","sn","FLEECE","d"
668,794.284,794.675,794.479,568.4,1196.9,2806.6,3474.6,"zaz","z","LOT","z"
671,797.497,797.841,797.669,576.2,1748,2509.1,3559.4,"ædz",NA,"TRAP","dz"
672,798.609,798.848,798.729,373.1,1372.4,2406.8,3187.4,"tʊd","t","FOOT","d"
675,801.663,802.013,801.838,338.4,1792.6,2448.1,3605.9,"siz","s","FLEECE","z"
680,807.125,807.522,807.323,637.9,1133.3,2593.8,3461.1,"hɔz","h","THOUGHT","z"
681,808.193,808.473,808.333,542.5,1855.8,2540.7,3501.8,"dɛz","d","DRESS","z"
683,810.363,810.774,810.569,630,1160.8,2785.8,3467.8,"zaz","z","LOT","z"
685,812.55,812.894,812.722,694.9,1662.7,2498.6,3562.6,"hæd","h","TRAP","d"
687,814.741,814.971,814.856,367.2,1979,2573.7,3532.7,"dɪdz","d","KIT","dz"
689,817.483,817.849,817.666,382,890.6,2486.8,3170,"doʊd","d","GOAT","d"
692,820.511,820.85,820.681,370.9,1565.8,2371.7,3290.6,"sʊz","s","FOOT","z"
693,821.469,821.749,821.609,382.2,1491.3,2371.6,3160,"dʊdz","d","FOOT","dz"
698,826.686,827.025,826.855,512.8,1833.6,2599.1,3584.4,"stɛz","st","DRESS","z"
700,828.757,829.098,828.928,599.9,1250.5,2888.9,3691.8,"tad","t","LOT","d"
702,830.72,831.064,830.892,592.5,901.1,2791.3,3564.9,"nɔd","n","THOUGHT","d"
703,831.791,832.171,831.981,376.1,868,2356,3330,"snoʊd","sn","GOAT","d"
705,833.934,834.259,834.096,284.2,917.3,2162.4,3230.4,"hudz","h","GOOSE","dz"
707,836.292,836.623,836.457,585.2,1019.7,2614.8,3540.5,"tɔdz","t","THOUGHT","dz"
708,837.449,837.691,837.57,537.8,1832.2,2550.5,3497.4,"snɛd","sn","DRESS","d"
709,838.439,838.631,838.535,329.7,1963.6,2626.4,3520.9,"dɪdz","d","KIT","dz"
710,839.538,839.826,839.682,265.9,1319.4,2201.8,3315.4,"zudz","z","GOOSE","dz"
711,840.849,841.184,841.017,366.8,857.7,2725.2,3184.8,"zoʊdz","z","GOAT","dz"
713,842.981,843.244,843.112,409.9,1046.2,2468.3,3113.7,"soʊdz","s","GOAT","dz"
717,847.366,847.693,847.53,353,847.9,2621.6,3382.9,"hoʊz","h","GOAT","z"
718,848.529,848.884,848.706,604.9,947.8,2784,3496,"stɔdz","st","THOUGHT","dz"
719,849.602,850.013,849.808,332,2164.3,2812.2,3510.9,"heɪz","h","FACE","z"
720,850.751,851.092,850.922,385.9,777.5,2574.9,3289.6,"soʊdz","s","GOAT","dz"
721,851.805,852.155,851.98,356.8,839.7,2548,3054.9,"toʊdz","t","GOAT","dz"
722,852.965,853.193,853.079,389.8,1874.6,2589.6,3524.2,"zɪd","z","KIT","d"
725,856.543,856.834,856.689,571.4,1032.7,2672.3,3535.2,"snadz","sn","LOT","dz"
726,858.361,858.686,858.524,250,2157.9,3177.6,3436.8,"didz","d","FLEECE","dz"
728,861.032,861.465,861.248,598.5,1753.2,2520.6,3277,"stæz","st","TRAP","z"
729,862.543,862.89,862.716,346.4,1899.3,2415.6,3712.1,"sɪz","s","KIT","z"
730,863.567,863.933,863.75,603.3,1241.5,2748.1,3558.7,"nad","n","LOT","d"
732,866.328,866.711,866.52,429.7,939.1,2439.5,3081.7,"noʊd","n","GOAT","d"
734,868.346,868.712,868.529,534.7,1678.6,2550.9,3344.1,"ædz",NA,"TRAP","dz"
735,869.503,869.775,869.639,355.2,1931.8,2753.1,3407,"snɪd","sn","KIT","d"
736,870.547,870.808,870.677,356.5,1930.7,2589.5,3369.7,"sɪz","s","KIT","z"
737,871.582,871.829,871.705,542.2,1887.1,2522.2,3214.6,"zɛdz","z","DRESS","dz"
738,872.607,872.835,872.721,354.1,1915.8,2522.9,3551,"stɪd","st","KIT","d"
741,875.49,875.807,875.648,383.5,944,2470.3,3186.6,"toʊd","t","GOAT","d"
742,876.491,876.794,876.643,357,2321,2926.7,3260.3,"zeɪd","z","FACE","d"
743,877.468,877.859,877.664,374.1,935,2545.2,3125.6,"noʊd","n","GOAT","d"
744,878.5,878.797,878.649,298,2223.8,3243.5,3791.3,"nidz","n","FLEECE","dz"
746,880.707,881.023,880.865,270.7,992.1,2361.9,3238.3,"hud","h","GOOSE","d"
747,881.63,881.977,881.804,369.3,1441.6,2320.3,3142.2,"dʊz","d","FOOT","z"
749,883.8,884.052,883.926,373,1343.4,2413.3,3218.2,"stʊd","st","FOOT","d"
750,884.818,885.101,884.96,266.8,1139.4,2179.4,3317,"tud","t","GOOSE","d"
751,885.77,886.083,885.926,338.9,1992.9,2744.5,3747.5,"niz","n","FLEECE","z"
757,892.135,892.532,892.333,610.2,1131.2,2679.1,3590.9,"daz","d","LOT","z"
762,898.03,898.257,898.143,375.9,1489.2,2395.3,3248,"stʊdz","st","FOOT","dz"
763,899.42,899.802,899.611,631.6,1653.1,2515.9,3479.8,"sæz","s","TRAP","z"
764,900.454,900.862,900.658,649.1,1104.5,2654.7,3554.6,"naz","n","LOT","z"
766,902.548,902.973,902.761,563.8,1641.3,2467.2,3434.7,"sæd","s","TRAP","d"
770,907.177,907.623,907.4,380.7,829.9,2617.9,3373.8,"stoʊz","st","GOAT","z"
772,909.365,909.692,909.528,378.5,848.7,2807.6,3309.8,"soʊd","s","GOAT","d"
774,911.864,912.166,912.015,361.1,1903.6,2625.6,3485.8,"dɪz","d","KIT","z"
775,912.798,913.118,912.958,487,1925.6,2653.3,3796.1,"tɛz","t","DRESS","z"
777,914.853,915.152,915.002,356,1407.9,2487.6,3084.9,"snʊd","sn","FOOT","d"
780,917.754,918.108,917.931,624.9,1138.3,2792.6,3783.4,"zad","z","LOT","d"
782,919.741,920.029,919.885,261.1,1270.3,2109.2,3240,"tuz","t","GOOSE","z"
785,922.834,923.159,922.996,266,1403,2245.5,3263.7,"nud","n","GOOSE","d"
786,923.847,924.258,924.053,602.9,1029.9,2583.2,3426.5,"hɔz","h","THOUGHT","z"
792,930.93,931.294,931.112,608.9,1005.8,2712.8,3531.9,"stɔd","st","THOUGHT","d"
793,931.967,932.257,932.112,316,2282.9,3069.8,3216.9,"teɪdz","t","FACE","dz"
795,933.865,934.14,934.003,496.4,1825.2,2536.9,3595.6,"zɛd","z","DRESS","d"
796,934.806,935.054,934.93,370.6,1459.9,2313.7,3206.1,"dʊdz","d","FOOT","dz"
798,937.726,937.958,937.842,388,1270.9,2492.8,3174.3,"zʊd","z","FOOT","d"
801,940.45,940.829,940.639,602.4,1669.4,2524.8,3262.4,"næz","n","TRAP","z"
802,941.674,941.887,941.78,354.4,1927.8,2531.4,3567.4,"sɪdz","s","KIT","dz"
803,942.6,942.933,942.767,282.5,1429.3,2647.3,3179.1,"zud","z","GOOSE","d"
804,943.518,943.941,943.73,358.6,804.3,2779.2,3148.4,"oʊz",NA,"GOAT","z"
805,944.498,944.885,944.692,595.1,895.5,2536.1,3459.9,"hɔz","h","THOUGHT","z"
806,945.477,945.754,945.616,308.7,1917,2542.6,3635.6,"zɪz","z","KIT","z"
807,947.037,947.282,947.159,333.7,2010.7,2571.5,3760.6,"stɪdz","st","KIT","dz"
810,950.618,951.037,950.828,284.1,1342,2584.6,3229,"snudz","sn","GOOSE","dz"
811,951.639,951.975,951.807,412.3,1025.7,2434.6,3066,"noʊd","n","GOAT","d"
812,952.648,952.953,952.801,258.6,1583.2,2128.5,3188.9,"duz","d","GOOSE","z"
813,954.304,954.617,954.461,338.1,2056.9,2981,3638.3,"snɪd","sn","KIT","d"
814,955.769,956.059,955.914,302.4,1516.2,2099,3360.4,"nudz","n","GOOSE","dz"
815,956.701,956.99,956.845,354.5,1992.7,2538.7,3466.6,"hɪd","h","KIT","d"
817,958.559,958.922,958.74,272.8,981.6,2300.7,3135.9,"huz","h","GOOSE","z"
818,959.554,959.853,959.704,668,1047.3,2721,3567.7,"tadz","t","LOT","dz"
819,960.568,960.895,960.732,642.8,969.3,2567,3444.2,"hɔdz","h","THOUGHT","dz"
820,961.542,961.889,961.715,635.1,750.3,2696.3,3451.1,"nɔd","n","THOUGHT","d"
821,962.983,963.247,963.115,361.6,1246,2405.5,3402.9,"ʊd",NA,"FOOT","d"
825,968.443,968.716,968.58,353.5,2013.9,2614.7,3608.7,"hɪz","h","KIT","z"
827,970.295,970.736,970.516,629.6,1167.2,2700.6,3715.7,"daz","d","LOT","z"
828,971.367,971.723,971.545,614.9,1048,2789.3,3556.2,"sɔd","s","THOUGHT","d"
830,973.43,973.768,973.599,242.5,1395.3,2233.4,3408.4,"duz","d","GOOSE","z"
831,974.393,974.715,974.554,653.5,1622.1,2446.2,3641,"æd",NA,"TRAP","d"
832,975.371,975.615,975.493,391.5,1974.2,2566.7,3505.6,"sɪd","s","KIT","d"
834,977.217,977.598,977.407,382.9,954.9,2519.4,3225.7,"zoʊz","z","GOAT","z"
835,978.255,978.514,978.385,525.2,1801.1,2811.4,3559.7,"sɛdz","s","DRESS","dz"
839,982.259,982.558,982.408,679.5,1134.5,2632.3,3515.5,"hɔdz","h","THOUGHT","dz"
840,983.4,983.793,983.597,606.6,975.4,2791,3344.7,"snɔd","sn","THOUGHT","d"
844,987.743,987.995,987.869,374.5,1440.5,2353.5,3122,"nʊdz","n","FOOT","dz"
846,990.04,990.349,990.194,276.1,1425.9,2177.2,3340.3,"zud","z","GOOSE","d"
847,990.948,991.355,991.151,376.8,866.8,2491.9,3497.2,"noʊz","n","GOAT","z"
848,991.934,992.353,992.144,609.2,1034.8,2789.3,3424.3,"nɔz","n","THOUGHT","z"
853,998.892,999.122,999.007,375.2,983.2,2321.3,3233.3,"dʊdz","d","FOOT","dz"
854,999.913,1000.264,1000.088,642.1,1175.3,2818.2,3515.9,"snaz","sn","LOT","z"
857,1002.919,1003.224,1003.072,271.8,1503.2,2230.8,3248,"nudz","n","GOOSE","dz"
861,1007.435,1007.752,1007.593,353.4,835.8,2580.7,3287.5,"oʊd",NA,"GOAT","d"
862,1008.412,1008.749,1008.58,560.9,1728.1,2583.3,3376.8,"næd","n","TRAP","d"
865,1011.811,1012.142,1011.977,371.9,805.2,2647.4,3260.2,"hoʊd","h","GOAT","d"
866,1012.717,1012.981,1012.849,561.4,1900.3,2611.8,3581.2,"stɛd","st","DRESS","d"
868,1014.777,1015.092,1014.934,279.7,1013.3,2544.9,3284.2,"udz",NA,"GOOSE","dz"
870,1017.003,1017.328,1017.166,626.1,1119.9,2819.6,3639,"staz","st","LOT","z"
872,1019.136,1019.469,1019.303,586.3,1836.4,2685.8,3454.2,"snɛd","sn","DRESS","d"
873,1020.178,1020.36,1020.269,337,1963.1,2660.3,3506.2,"tɪdz","t","KIT","dz"
875,1022.129,1022.424,1022.276,266.8,1244.3,2179.3,3299.8,"tuz","t","GOOSE","z"
876,1023.352,1023.688,1023.52,629.2,1136.6,2842.1,3583.7,"tad","t","LOT","d"
878,1025.394,1025.615,1025.504,378.6,2021.7,2521.9,3628.7,"sɪd","s","KIT","d"
879,1026.393,1026.623,1026.508,393.1,1362.7,2360.4,3133.6,"hʊd","h","FOOT","d"
880,1027.363,1027.586,1027.475,386.1,1452.6,2343,3132,"tʊdz","t","FOOT","dz"
881,1028.505,1028.838,1028.671,399.5,988.6,2559.9,3065.4,"snoʊd","sn","GOAT","d"
882,1029.502,1029.866,1029.684,397.2,1016.8,2445.3,3143.2,"snʊz","sn","FOOT","z"
883,1030.499,1030.945,1030.722,568.9,1000.4,2612.7,3567.4,"tɔz","t","THOUGHT","z"
884,1031.523,1031.772,1031.648,355.2,1260.2,2374.2,3204.3,"ʊdz",NA,"FOOT","dz"
886,1033.566,1033.915,1033.74,276.1,1035.5,2173.7,3359.8,"udz",NA,"GOOSE","dz"
887,1034.704,1035.017,1034.86,395.4,939.3,2432,3296.1,"zoʊdz","z","GOAT","dz"
891,1039.29,1039.616,1039.453,351.4,1964.3,2576.3,3538.1,"hɪz","h","KIT","z"
897,1046.313,1046.733,1046.523,494.2,1132.2,2745.8,3552,"dɔz","d","THOUGHT","z"
902,1051.191,1051.572,1051.382,603.6,1199.3,2798.4,3542,"snɔdz","sn","THOUGHT","dz"
903,1052.237,1052.54,1052.389,254.8,1588,2220,3395.7,"dud","d","GOOSE","d"
905,1054.98,1055.22,1055.1,361.4,1436.9,2375,3152.8,"nʊd","n","FOOT","d"
908,1057.919,1058.227,1058.073,561,1158.7,2846,3695.8,"ɔd",NA,"THOUGHT","d"
909,1060.147,1060.363,1060.255,352.7,1440.2,2355.9,3340.3,"sʊdz","s","FOOT","dz"
911,1061.992,1062.258,1062.125,550.9,1941.2,2582.8,3553.3,"dɛd","d","DRESS","d"
912,1062.965,1063.26,1063.112,261.1,1479.8,2145.1,3277,"duz","d","GOOSE","z"
914,1065.075,1065.482,1065.279,669.7,1780.1,2584.7,3331.1,"æz",NA,"TRAP","z"
916,1068.007,1068.312,1068.16,351,828.2,2561.8,3221.7,"oʊd",NA,"GOAT","d"
917,1068.873,1069.244,1069.059,387,986.8,2540,3232.9,"zoʊd","z","GOAT","d"
919,1070.809,1071.088,1070.948,349.6,1321.8,2459.2,3136.2,"snʊdz","sn","FOOT","dz"
920,1071.899,1072.266,1072.083,404.6,902.5,2531.6,3066.5,"noʊz","n","GOAT","z"
922,1074.135,1074.426,1074.281,361,1091.5,2491.6,3247.9,"ʊd",NA,"FOOT","d"
923,1075.177,1075.486,1075.332,634.7,981.6,2733.8,3793,"zadz","z","LOT","dz"
924,1076.19,1076.552,1076.371,618.5,1070.7,2798.3,3663.6,"saz","s","LOT","z"
928,1080.964,1081.389,1081.176,369.9,892.8,2573.5,3315.3,"soʊz","s","GOAT","z"
930,1083.162,1083.431,1083.296,368,1363.6,2382.2,3137.1,"zʊd","z","FOOT","d"
934,1087.486,1087.881,1087.683,568.2,1011.5,2753.9,3454.4,"nɔz","n","THOUGHT","z"
935,1089.572,1089.794,1089.683,369.6,1409.3,2356.5,3272.4,"stʊdz","st","FOOT","dz"
938,1092.346,1092.709,1092.527,386.6,949.8,2553.6,3170.2,"doʊz","d","GOAT","z"
941,1095.638,1096.014,1095.826,586.9,866.7,2907.6,3344.8,"snɔz","sn","THOUGHT","z"
942,1096.653,1097.024,1096.838,424.8,1062.9,2787.2,3605.8,"dɔdz","d","THOUGHT","dz"
945,1100.564,1100.863,1100.714,393.2,1225.7,2464.7,3341.1,"ʊd",NA,"FOOT","d"
948,1103.503,1103.72,1103.611,366.3,1876.3,2503,3419.4,"zɪz","z","KIT","z"
950,1107.588,1107.809,1107.699,363.8,1923.8,2569.7,3603.8,"zɪdz","z","KIT","dz"
951,1108.508,1108.827,1108.668,608.5,871.5,2994.2,3449.7,"ɔd",NA,"THOUGHT","d"
952,1109.496,1109.797,1109.647,245.4,1130.2,2235.9,3318,"tudz","t","GOOSE","dz"
955,1112.76,1113.066,1112.913,258.7,1415.1,2407.4,3375.5,"stud","st","GOOSE","d"
959,1117.109,1117.458,1117.284,329.5,2211.9,2603.8,3590.7,"zeɪz","z","FACE","z"
960,1118.189,1118.468,1118.328,549.9,1756.7,2437.6,3493.6,"hæd","h","TRAP","d"
963,1121.997,1122.304,1122.151,327.4,1449.4,2496,3258.4,"nʊz","n","FOOT","z"
964,1123.02,1123.403,1123.212,633.4,1073.2,2791.2,3548.8,"zɔz","z","THOUGHT","z"
965,1124.169,1124.51,1124.339,350.6,2105.3,2882.2,3565.8,"zeɪd","z","FACE","d"
968,1127.912,1128.24,1128.076,355.1,872.2,2636,3215.7,"soʊdz","s","GOAT","dz"
971,1131.632,1131.9,1131.766,363.3,1341.7,2495.8,3173.2,"nʊd","n","FOOT","d"
972,1132.742,1133.053,1132.897,598.3,932.7,2762,3444,"zɔdz","z","THOUGHT","dz"
975,1136.202,1136.512,1136.357,348.1,2159.2,2894.4,3749.9,"seɪd","s","FACE","d"
976,1137.225,1137.558,1137.392,356,2163.7,2785.5,3502.9,"steɪdz","st","FACE","dz"
977,1138.465,1138.684,1138.574,376.4,1432.3,2435.5,3236.5,"stʊd","st","FOOT","d"
982,1145.684,1146.04,1145.862,628.9,1115.5,2845.8,3605,"nɔd","n","THOUGHT","d"
983,1146.706,1147.022,1146.864,363.4,870.8,2760.6,3359.7,"doʊdz","d","GOAT","dz"
986,1149.614,1149.882,1149.748,352.1,2081.5,2707.5,3553.3,"ɪdz",NA,"KIT","dz"
987,1150.778,1151.119,1150.949,532.6,1121.5,3006.5,3335.9,"snad","sn","LOT","d"
990,1153.998,1154.249,1154.124,365.9,1529.1,2499.8,3276.4,"sʊdz","s","FOOT","dz"
992,1156.109,1156.454,1156.281,648.8,788.5,2770.3,3474.4,"snɔz","sn","THOUGHT","z"
1002,1166.839,1167.215,1167.027,618.4,1116.7,2849,3775.6,"ad",NA,"LOT","d"
1003,1167.886,1168.215,1168.05,388.9,934.4,2462.9,3134.8,"noʊdz","n","GOAT","dz"
1004,1168.93,1169.289,1169.11,259.5,2119.1,3131.9,3652.2,"ziz","z","FLEECE","z"
1005,1170.002,1170.277,1170.14,373.4,1510.5,2353.3,3203.3,"dʊz","d","FOOT","z"
1006,1171.047,1171.439,1171.243,328.9,2160.7,2785.7,3294.6,"deɪz","d","FACE","z"
1010,1175.416,1175.642,1175.529,391.3,1206.5,2396.5,3205.4,"stʊd","st","FOOT","d"
1013,1180.009,1180.296,1180.152,355.8,871.1,2405.1,3238,"toʊz","t","GOAT","z"
1014,1181.073,1181.362,1181.217,248.3,2187.7,3235.5,3462.1,"zidz","z","FLEECE","dz"
1015,1182.054,1182.394,1182.224,559.9,1685.2,2499.8,3577.4,"sæd","s","TRAP","d"
1017,1183.952,1184.324,1184.138,627.1,1748.8,2499.4,3445.8,"dædz","d","TRAP","dz"
1019,1186.127,1186.422,1186.274,257.8,1385.7,2368.5,3297,"zudz","z","GOOSE","dz"
1020,1187.103,1187.486,1187.294,544.1,1688.5,2414.7,3270.7,"dæz","d","TRAP","z"
1025,1193.328,1193.712,1193.52,616,1158.4,2797.5,3547,"staz","st","LOT","z"
1026,1194.362,1194.664,1194.513,362.3,2154.3,2868.4,3350.7,"seɪdz","s","FACE","dz"
1027,1195.351,1195.667,1195.509,362.8,2112.9,2682.9,3311.4,"deɪdz","d","FACE","dz"
1030,1198.83,1199.155,1198.992,478.2,1872.4,2501.7,3781.8,"stɛz","st","DRESS","z"
1031,1199.887,1200.188,1200.038,254.2,2241.7,3256.4,3442.3,"zid","z","FLEECE","d"
1032,1200.839,1201.173,1201.006,563.4,978.6,2796.9,3421.5,"nɔdz","n","THOUGHT","dz"
1034,1203.029,1203.414,1203.221,352.4,2261.8,3087.8,3133.4,"zeɪz","z","FACE","z"
1037,1206.217,1206.558,1206.388,581.4,1171,2759.3,3550.6,"dadz","d","LOT","dz"
1040,1209.525,1209.952,1209.739,634,1156.7,2708.9,3578.8,"ɔz",NA,"THOUGHT","z"
1043,1212.791,1213.052,1212.922,369,1944.1,2568.7,3509.8,"snɪd","sn","KIT","d"
1046,1216.023,1216.304,1216.164,601.1,909.3,2714.7,3575.1,"hɔd","h","THOUGHT","d"
1047,1217.001,1217.422,1217.212,613.3,949.6,2734.1,3325.2,"stɔz","st","THOUGHT","z"
1048,1218.11,1218.268,1218.189,378.4,1411,2421.6,3253.6,"hʊdz","h","FOOT","dz"
1049,1219.072,1219.344,1219.208,381.8,1267.8,2382.4,3129.4,"ʊz",NA,"FOOT","z"
1051,1221.24,1221.605,1221.422,424.5,967.3,2437.8,3073.4,"snoʊd","sn","GOAT","d"
1052,1222.3,1222.618,1222.459,384.4,1267.1,2381.5,3139.2,"hʊd","h","FOOT","d"
